{
  "asset_type": "technical whitepaper",
  "topic": "Implementing zero-trust architecture in multi-cloud environments with emphasis on microsegmentation, identity-based access controls, and continuous verification protocols",
  "audience": "enterprise security architects and DevSecOps teams",
  "tone": "authoritative",
  "word_count": 3500,
  "metadata": {
    "difficulty": "hard",
    "category": "enterprise",
    "test_purpose": "Complex technical content with long topic and specific audience",
    "special_requirements": [
      "Technical accuracy required",
      "Must include implementation examples",
      "Should reference industry standards"
    ]
  }
}
