{
  "asset_type": "📧 email newsletter 🚀",
  "topic": "Special characters & unicode: 中文, émojis 🎉, and symbols ★★★",
  "audience": "international users (français, español, 中文)",
  "tone": "mixed: 😊 friendly but also très professional",
  "word_count": 500,
  "metadata": {
    "difficulty": "hard",
    "category": "edge_case",
    "test_purpose": "Test handling of special characters, emojis, and mixed languages",
    "character_sets": ["UTF-8", "emoji", "accented_characters", "CJK"]
  }
}
