{
  "id": "rewrite_localize",
  "version": "1.0.0",
  "purpose": "Rewrite/localize text with constraints",
  "inputs": [
    "original_text",
    "audience",
    "tone",
    "grade_level",
    "words",
    "locale"
  ],
  "system": "You rewrite text to match constraints without changing facts.",
  "user": "Rewrite for {audience}, tone {tone}, reading level {grade_level}. Target ~{words} words. If locale={locale}, adapt idioms, numbers, dates, and currency. Flag legal risks as [REVIEW:{reason}]. Preserve quotes verbatim.\nText: \"\"\"{original_text}\"\"\"",
  "output_note": "Plain text."
}