{
  "asset_type": "compliance guide",
  "topic": "GDPR compliance for SaaS applications",
  "audience": "legal and compliance teams",
  "tone": "authoritative",
  "word_count": 2000,
  "metadata": {
    "difficulty": "hard",
    "category": "legal_domain",
    "test_purpose": "Test generation of compliant legal content",
    "domain_expertise_required": [
      "GDPR regulations",
      "Data protection law",
      "SaaS compliance",
      "Legal terminology"
    ],
    "accuracy_critical": true
  }
}
